Likes	Comments	Photo
15176	81	https://scontent-sea1-1.cdninstagram.com/v/t51.29350-15/129604777_454723665517039_8315310986842982551_n.jpg?_nc_cat=111&ccb=1-3&_nc_sid=8ae9d6&_nc_ohc=2ydrBgYFGWQAX_kQjmU&_nc_ht=scontent-sea1-1.cdninstagram.com&oh=a11aba0ba8ee3b19070fba57f8141c31&oe=6081A38D
12464	69	https://scontent-sea1-1.cdninstagram.com/v/t51.29350-15/124425065_662398361336154_6225642787414260125_n.jpg?_nc_cat=101&ccb=1-3&_nc_sid=8ae9d6&_nc_ohc=qxHQM72_Hw0AX8QZpPc&_nc_ht=scontent-sea1-1.cdninstagram.com&oh=7fa2866208cffa595d8d572bee76abea&oe=60816F4D
8878	12	https://scontent-sea1-1.cdninstagram.com/v/t51.29350-15/132093834_219720869599858_769399280020905603_n.jpg?_nc_cat=110&ccb=1-3&_nc_sid=8ae9d6&_nc_ohc=ZzmJT_2h6TgAX9LKBlz&_nc_ht=scontent-sea1-1.cdninstagram.com&oh=cf4eb3c3206927854f834a4c3f7802c2&oe=6080647B
8208	122	https://scontent-sea1-1.cdninstagram.com/v/t51.29350-15/117569924_1257518691246639_4987605241483912373_n.jpg?_nc_cat=109&ccb=1-3&_nc_sid=8ae9d6&_nc_ohc=90TvAzDF4fYAX8ZnWeN&_nc_ht=scontent-sea1-1.cdninstagram.com&oh=6ce0beb6617709059c95db7e03d15eeb&oe=60838E28
8050	65	https://scontent-lax3-2.cdninstagram.com/v/t51.29350-15/160620917_145447630805092_4291475309268652898_n.jpg?_nc_cat=111&ccb=1-3&_nc_sid=8ae9d6&_nc_ohc=psKIRWP2wusAX_CtL3u&_nc_oc=AQk6zT1JSg-q_9PoHWh-KPlyp1EBAEdXxhyYEY8R2GoifHWEIQspi_AWxDynz3DiCVE&_nc_ht=scontent-lax3-2.cdninstagram.com&oh=6a4d28a225e3d1795365dd7d31f4fb7e&oe=6074EED8
7706	10	https://scontent-sea1-1.cdninstagram.com/v/t51.29350-15/130117505_198951035209511_1877424806766090107_n.jpg?_nc_cat=110&ccb=1-3&_nc_sid=8ae9d6&_nc_ohc=eS0rpZxE99kAX_yd9BJ&_nc_ht=scontent-sea1-1.cdninstagram.com&oh=3316406c5fb875fe4520ae0520ffa524&oe=60838B60
6442	12	https://scontent-sea1-1.cdninstagram.com/v/t51.29350-15/129720836_2777574072514981_6995020467488603851_n.jpg?_nc_cat=100&ccb=1-3&_nc_sid=8ae9d6&_nc_ohc=ks_T9UamtYIAX8mO7VT&_nc_ht=scontent-sea1-1.cdninstagram.com&oh=85c00c30cdd22fe9d8e541420d0c0c9f&oe=608302CC
6062	34	https://scontent-sea1-1.cdninstagram.com/v/t51.2885-15/83528917_925246241262941_2639133604631074218_n.jpg?_nc_cat=100&ccb=1-3&_nc_sid=8ae9d6&_nc_ohc=TKIQkQj6nvYAX-Vz6u0&_nc_ht=scontent-sea1-1.cdninstagram.com&oh=5b2ac5da24aa944e6b002ac42666ce96&oe=60828D6C
4635	1	https://scontent-sea1-1.cdninstagram.com/v/t51.29350-15/133488128_441131196912230_9136914066559484257_n.jpg?_nc_cat=102&ccb=1-3&_nc_sid=8ae9d6&_nc_ohc=Z9LUOuMOZWUAX_Zra3C&_nc_ht=scontent-sea1-1.cdninstagram.com&oh=b8e43516291c6dd1cb579e0182677559&oe=6080997B
4260	12	https://scontent-sea1-1.cdninstagram.com/v/t51.2885-15/94022134_181326722976767_577509350802476890_n.jpg?_nc_cat=105&ccb=1-3&_nc_sid=8ae9d6&_nc_ohc=H-Om3GtG3JEAX9CqjXT&_nc_ht=scontent-sea1-1.cdninstagram.com&oh=856e65ba0aecd9faceb5403ae23270f6&oe=60834FED
2833	4	https://scontent-sea1-1.cdninstagram.com/v/t51.2885-15/95506176_269649827523726_4741298528000695216_n.jpg?_nc_cat=107&ccb=1-3&_nc_sid=8ae9d6&_nc_ohc=PFuyC0PevWgAX_AvXAd&_nc_ht=scontent-sea1-1.cdninstagram.com&oh=c565024e0aa593d39193967ceaf5e593&oe=60816A71
2615	14	https://scontent-sea1-1.cdninstagram.com/v/t51.2885-15/95891344_723120004893721_4180168293989757554_n.jpg?_nc_cat=107&ccb=1-3&_nc_sid=8ae9d6&_nc_ohc=36ktq_ZVhNAAX9Fwsyt&_nc_ht=scontent-sea1-1.cdninstagram.com&oh=e24238493710c1c0fd00cfca4a3a01f3&oe=608232BB
2472	40	https://scontent-sea1-1.cdninstagram.com/v/t51.2885-15/97872932_536456273704780_1297201594458353126_n.jpg?_nc_cat=107&ccb=1-3&_nc_sid=8ae9d6&_nc_ohc=fF3HQjkkAAUAX9IxbRw&_nc_ht=scontent-sea1-1.cdninstagram.com&oh=2cc30e3b70fde413dfefca9198be04a2&oe=6083F4B6
2449	19
2077	36	https://scontent-sea1-1.cdninstagram.com/v/t51.2885-15/85260292_267205260926853_5497608741166454405_n.jpg?_nc_cat=108&_nc_sid=8ae9d6&_nc_ohc=s9oTComdMz0AX89S0Al&_nc_ht=scontent-sea1-1.cdninstagram.com&oh=f5f5669f3c97190fef83e30996c86374&oe=5F849F10
1553	6	https://scontent-sea1-1.cdninstagram.com/v/t51.2885-15/96484972_267244614326907_4916155193400855718_n.jpg?_nc_cat=103&ccb=1-3&_nc_sid=8ae9d6&_nc_ohc=AK1wBKU3juAAX8R9Jke&_nc_ht=scontent-sea1-1.cdninstagram.com&oh=a439aa0dec1143d3c93a4fc01d191046&oe=60817B3D
815	21	https://scontent-sea1-1.cdninstagram.com/v/t51.2885-15/119173036_115826210258479_4911556926073052264_n.jpg?_nc_cat=108&ccb=1-3&_nc_sid=8ae9d6&_nc_ohc=uWXdFtubgUcAX_vDRrj&_nc_ht=scontent-sea1-1.cdninstagram.com&oh=d5788cb4c424f50beffe64a25144600c&oe=6081750B
826	7	https://scontent-sea1-1.cdninstagram.com/v/t51.2885-15/119467899_365667128172429_7210267051294669229_n.jpg?_nc_cat=111&ccb=1-3&_nc_sid=8ae9d6&_nc_ohc=YygbXrCcpSkAX81Qi4l&_nc_ht=scontent-sea1-1.cdninstagram.com&oh=7600490f5b2ee32d710a042be362f9ae&oe=60807F68
799	26	https://scontent-sea1-1.cdninstagram.com/v/t51.29350-15/118481552_189660732567928_5572165118765033983_n.jpg?_nc_cat=103&ccb=1-3&_nc_sid=8ae9d6&_nc_ohc=nTLh7iWWlwIAX_mUtNf&_nc_ht=scontent-sea1-1.cdninstagram.com&oh=fbc587fe0bcd393aef246d7ee74ac745&oe=60827F56
750		https://scontent-sea1-1.cdninstagram.com/v/t51.2885-15/83749765_2437413136549002_1187076694118199796_n.jpg?_nc_cat=106&_nc_sid=8ae9d6&_nc_ohc=VANJDjL5X2wAX-wLusP&_nc_ht=scontent-sea1-1.cdninstagram.com&oh=f0f7d44045199232eafc978a10d4e95f&oe=5F847848
624	2	https://scontent-sea1-1.cdninstagram.com/v/t51.29350-15/142505728_400995174331285_4159073774833596851_n.jpg?_nc_cat=109&ccb=1-3&_nc_sid=8ae9d6&_nc_ohc=COGuMWW_6lEAX9slxvq&_nc_ht=scontent-sea1-1.cdninstagram.com&oh=b81afe8e4d40cb14779c215a783a86fc&oe=60831E62
596	2	https://scontent-sea1-1.cdninstagram.com/v/t51.2885-15/94120604_580614719479904_6926681507011860974_n.jpg?_nc_cat=101&ccb=1-3&_nc_sid=8ae9d6&_nc_ohc=VfrYsJFZ5MwAX8swV1K&_nc_ht=scontent-sea1-1.cdninstagram.com&oh=46ab6247a783782195f4225bca8e8a27&oe=6080B4DC
444		https://scontent-sea1-1.cdninstagram.com/v/t51.2885-15/87240201_1324707724405245_6382580824022171475_n.jpg?_nc_cat=100&_nc_sid=8ae9d6&_nc_ohc=1BaVugHG2fwAX-D694w&_nc_ht=scontent-sea1-1.cdninstagram.com&oh=ab36a0d267c15f0a9ab4ae336252c363&oe=5F85C314
387	15	https://scontent-sea1-1.cdninstagram.com/v/t51.2885-15/96284595_2313100328994019_6789949585858944877_n.jpg?_nc_cat=108&ccb=1-3&_nc_sid=8ae9d6&_nc_ohc=sIxLIRGrvpAAX8X9eft&_nc_ht=scontent-sea1-1.cdninstagram.com&oh=f85103b4cc7ec8a261324f0b3aa8e7fa&oe=6080A591
371	7	https://scontent-sea1-1.cdninstagram.com/v/t51.29350-15/120117556_131737604950247_1671949753226956974_n.jpg?_nc_cat=106&ccb=1-3&_nc_sid=8ae9d6&_nc_ohc=OVZVnSbpk90AX9sxazl&_nc_ht=scontent-sea1-1.cdninstagram.com&oh=ea4b24deb66b637f09fcbb090e6fbeb1&oe=608405BA
357	10	https://scontent-sea1-1.cdninstagram.com/v/t51.29350-15/126856322_657484408252616_3206540428926953246_n.jpg?_nc_cat=107&ccb=1-3&_nc_sid=8ae9d6&_nc_ohc=nWkenMnB8JoAX8OZt88&_nc_ht=scontent-sea1-1.cdninstagram.com&oh=c13d1616ca211ab3d7e62f92e406481d&oe=606C3AC5
363	3	https://scontent-sea1-1.cdninstagram.com/v/t51.2885-15/95284064_603628323835886_4888827945447623455_n.jpg?_nc_cat=110&ccb=1-3&_nc_sid=8ae9d6&_nc_ohc=PZx4rRBnqXMAX_hZEzq&_nc_ht=scontent-sea1-1.cdninstagram.com&oh=53ac8065d20e81a25e4c4575917efca1&oe=60810117
293	6	https://scontent-sea1-1.cdninstagram.com/v/t51.29350-15/118472059_348838092821917_5989582286426142566_n.jpg?_nc_cat=106&ccb=1-3&_nc_sid=8ae9d6&_nc_ohc=oyxfzOoTWOEAX_A_5dj&_nc_ht=scontent-sea1-1.cdninstagram.com&oh=0ce35d1b0682b9393e7be702bf1ebf04&oe=607A5D3E
292	7	https://scontent-sea1-1.cdninstagram.com/v/t51.2885-15/80402974_110292677032905_2270291123806076465_n.jpg?_nc_cat=104&ccb=1-3&_nc_sid=8ae9d6&_nc_ohc=xeHGSM9zieAAX-jGlhx&_nc_ht=scontent-sea1-1.cdninstagram.com&oh=9c0170cfe6ee9c2f8a117c1e57c85fea&oe=6078FA79
263	12	https://scontent-sea1-1.cdninstagram.com/v/t51.29350-15/120368240_425787761732449_243581583497420685_n.jpg?_nc_cat=102&ccb=1-3&_nc_sid=8ae9d6&_nc_ohc=f3mv7xREpyEAX-7HVo_&_nc_oc=AQmNnqA5Bi64SMw9y0kWdrebhxNZ_rZBQZJx7zyqlS2bL2Le7p_j7jWTBGGZ7BqPQq0&_nc_ht=scontent-sea1-1.cdninstagram.com&oh=6038490acd7c96ce6a59b7e55eb28632&oe=606D7649
240	3	https://scontent-sea1-1.cdninstagram.com/v/t51.2885-15/131561330_213488426982162_5539218572756681629_n.jpg?_nc_cat=110&ccb=1-3&_nc_sid=8ae9d6&_nc_ohc=9j_AkhoJxGQAX-7bkxm&_nc_ht=scontent-sea1-1.cdninstagram.com&oh=ab4cb3c14e49a630c9c3cd3e34d2e1f0&oe=60804473
211	24	https://scontent-lax3-1.cdninstagram.com/v/t51.2885-15/94747346_926559294431785_3236065469010728145_n.jpg?_nc_cat=109&ccb=3&_nc_sid=8ae9d6&_nc_ohc=eGmJEGBHRaUAX8gv1fM&_nc_ht=scontent-lax3-1.cdninstagram.com&oh=eb29dddf7118a265ebed436160d23b94&oe=6062795E
200	10	https://scontent-sea1-1.cdninstagram.com/v/t51.29350-15/123389572_646678926208500_8537868037308442039_n.jpg?_nc_cat=106&ccb=1-3&_nc_sid=8ae9d6&_nc_ohc=IcMKmGMiRdsAX9RxTse&_nc_ht=scontent-sea1-1.cdninstagram.com&oh=fcc61efcf3d3e49958ef77593d1e6c5b&oe=6081D173
175		https://scontent-sea1-1.cdninstagram.com/v/t51.29350-15/125833574_749426525663616_380100931324741022_n.jpg?_nc_cat=109&ccb=1-3&_nc_sid=8ae9d6&_nc_ohc=BxIpa26UpwkAX_aWFKu&_nc_ht=scontent-sea1-1.cdninstagram.com&oh=4b961a901218688e786ccce4d4c98647&oe=60809BE2
158	4	https://scontent-sea1-1.cdninstagram.com/v/t51.29350-15/121969473_790898184818901_3716801195400575835_n.jpg?_nc_cat=106&ccb=1-3&_nc_sid=8ae9d6&_nc_ohc=rH1PUMenlfgAX-mU5PM&_nc_ht=scontent-sea1-1.cdninstagram.com&oh=4a47defa8a7987a0694049dbab1fae98&oe=60831859
114	20	https://scontent-sea1-1.cdninstagram.com/v/t51.2885-15/93764561_138797351033946_4548400670791799002_n.jpg?_nc_cat=102&ccb=1-3&_nc_sid=8ae9d6&_nc_ohc=FTHcXcplB1gAX_w6js1&_nc_ht=scontent-sea1-1.cdninstagram.com&oh=214d513782f2577257c7de31151abf59&oe=6082E72A
129	1	https://scontent-sea1-1.cdninstagram.com/v/t51.29350-15/116702841_2723593881256007_3461055005420596630_n.jpg?_nc_cat=106&ccb=3&_nc_sid=8ae9d6&_nc_ohc=FzCsUxHNbOEAX_9tzvz&_nc_oc=AQlTgACgEvcA7bgojK_HnR1_FcRMihsi6Vz_C5XjmyOG0hvXMwHRaR7vZWYvOmCo2lU&_nc_ht=scontent-sea1-1.cdninstagram.com&oh=4d7965b46176b274515d2157c47a46d4&oe=6061B067
112	1	https://scontent-sea1-1.cdninstagram.com/v/t51.29350-15/126910395_714475892820250_1881299474422250921_n.jpg?_nc_cat=100&ccb=1-3&_nc_sid=8ae9d6&_nc_ohc=QnY0NVtT-28AX8SJfL4&_nc_ht=scontent-sea1-1.cdninstagram.com&oh=ee898307ca1ce0faa19ee29c7b4d3cc6&oe=6080727F
105		https://scontent-sea1-1.cdninstagram.com/v/t51.2885-15/93143384_544611559528036_2832382864245298855_n.jpg?_nc_cat=104&ccb=1-3&_nc_sid=8ae9d6&_nc_ohc=V1DrW3m7vtIAX8gNKXA&_nc_ht=scontent-sea1-1.cdninstagram.com&oh=5668c88d449e8aac964f50dea719aea5&oe=60812C19
87	2	https://scontent-sea1-1.cdninstagram.com/v/t51.29350-15/140378847_697256654494807_5820611736617216561_n.jpg?_nc_cat=100&ccb=1-3&_nc_sid=8ae9d6&_nc_ohc=6Pwnqyt03vMAX-7LanP&_nc_ht=scontent-sea1-1.cdninstagram.com&oh=88ae1a66bdb6fe2194b5aa5164b6b612&oe=6083052B
79	1	https://scontent-sea1-1.cdninstagram.com/v/t51.2885-15/82977963_172979164066203_3436070999972116371_n.jpg?_nc_cat=104&_nc_sid=8ae9d6&_nc_ohc=FBIaVhPxX58AX97OFMd&_nc_oc=AQn9AyAnoSmBvL750t8bc2DAYNiWbLg4iJ19_SvF4vi5vQqkEOoAEXqkIkefzlTjPwA&_nc_ht=scontent-sea1-1.cdninstagram.com&oh=b27d2cd9af58277b24ef99f614b43ba7&oe=5F847E2F
76	3	https://scontent-sea1-1.cdninstagram.com/v/t51.29350-15/96080142_719547545516412_2576888086708105044_n.jpg?_nc_cat=107&ccb=1-3&_nc_sid=8ae9d6&_nc_ohc=iH3YJB0e7ZwAX9U02-n&_nc_oc=AQmdh-SbEOf0yxfjCOCSzJVBkamdTTN0Qkc2coLHhfYmlQFGE9xfBHWz0dNRMutHFPA&_nc_ht=scontent-sea1-1.cdninstagram.com&oh=42875fcaf1e783fa6a49fba963cf24af&oe=60822C87
71	2	https://scontent.xx.fbcdn.net/v/t51.2885-15/82395165_1506691966158316_6978255030585696585_n.jpg?_nc_cat=103&_nc_ohc=zHhzwy6ZDvcAX9iYR8u&_nc_ht=scontent.xx&oh=e5980a0d7090de7867f5ac0ad4a5d8a3&oe=5ED94E57
65	3	https://scontent-sea1-1.cdninstagram.com/v/t51.29350-15/117110055_290019482100496_3746860517456075721_n.jpg?_nc_cat=108&ccb=1-3&_nc_sid=8ae9d6&_nc_ohc=MtDD9TtOQboAX_3SHFu&_nc_ht=scontent-sea1-1.cdninstagram.com&oh=89d645f1668b9099b06545af1eedcd8a&oe=60794D02
64	2	https://scontent-sea1-1.cdninstagram.com/v/t51.2885-15/80769969_1434199850090727_758667184742101298_n.jpg?_nc_cat=107&ccb=1-3&_nc_sid=8ae9d6&_nc_ohc=pCfIXpA42OcAX_URHaU&_nc_ht=scontent-sea1-1.cdninstagram.com&oh=4af835b599f1e7b0afd91b8b8dace21d&oe=6077C90D
57	7	https://scontent-sea1-1.cdninstagram.com/v/t51.29350-15/142432083_5096312273774187_2375717000404182982_n.jpg?_nc_cat=104&ccb=1-3&_nc_sid=8ae9d6&_nc_ohc=OB9-vMc5EmwAX8ip7ww&_nc_ht=scontent-sea1-1.cdninstagram.com&oh=fe21ba467893e8b3bec8ab32910d2e6c&oe=608049B1
62	2	https://scontent-sea1-1.cdninstagram.com/v/t51.29350-15/158791251_734623857446084_9034544604041487196_n.jpg?_nc_cat=105&ccb=1-3&_nc_sid=8ae9d6&_nc_ohc=s1XhQzluVDsAX9PVnw_&_nc_ht=scontent-sea1-1.cdninstagram.com&oh=fc417308941a7e06786bfaf3286c9ee5&oe=606BCB05
55	8	https://scontent-sea1-1.cdninstagram.com/v/t51.29350-15/128862551_214619253376905_8751605465238645035_n.jpg?_nc_cat=105&ccb=1-3&_nc_sid=8ae9d6&_nc_ohc=8ZTeu5lqKFgAX8J5-t9&_nc_ht=scontent-sea1-1.cdninstagram.com&oh=1f44628eefc8bf2bd1012e35595521ac&oe=6082568B
52	9	https://scontent-sea1-1.cdninstagram.com/v/t51.29350-15/117401282_354351925576655_6450979871163692713_n.jpg?_nc_cat=107&ccb=1-3&_nc_sid=8ae9d6&_nc_ohc=gK9HAuHOBvQAX_UjGkT&_nc_ht=scontent-sea1-1.cdninstagram.com&oh=d80ccbd3308a395872c66c14df507342&oe=6078B988
57		https://scontent-sea1-1.cdninstagram.com/v/t51.2885-15/94659521_528082387856189_4214278941454410977_n.jpg?_nc_cat=111&ccb=1-3&_nc_sid=8ae9d6&_nc_ohc=4lyeIOEqW9cAX9CxC0j&_nc_ht=scontent-sea1-1.cdninstagram.com&oh=8c5db1beeff21681c9a4e22c4046938c&oe=60843101
55	2	https://scontent-sea1-1.cdninstagram.com/v/t51.29350-15/77262608_284213586029689_8752914837858460804_n.jpg?_nc_cat=111&ccb=1-3&_nc_sid=8ae9d6&_nc_ohc=cCQtfNBltC8AX-FXU99&_nc_ht=scontent-sea1-1.cdninstagram.com&oh=150c13cafdb9bdc9cad91512339a19ce&oe=60812756
56		https://scontent-sea1-1.cdninstagram.com/v/t51.2885-15/87329133_483081752370956_9149510730500456180_n.jpg?_nc_cat=110&_nc_sid=8ae9d6&_nc_ohc=Ximj1X8BsLMAX-l63TC&_nc_ht=scontent-sea1-1.cdninstagram.com&oh=83e068f07ede70baa60e69497c050ad7&oe=5EF2B3A6
55		https://scontent-sea1-1.cdninstagram.com/v/t51.29350-15/143607203_415582593039292_3555047189048807234_n.jpg?_nc_cat=105&ccb=1-3&_nc_sid=8ae9d6&_nc_ohc=d-wa9hXbyt8AX_uVo2K&_nc_ht=scontent-sea1-1.cdninstagram.com&oh=df136cc93938de961b4f1c67ffd4b3c3&oe=6082DBC0
51	3	https://scontent-sea1-1.cdninstagram.com/v/t51.2885-15/79452276_1308811635985013_3311760670214270918_n.jpg?_nc_cat=110&ccb=1-3&_nc_sid=8ae9d6&_nc_ohc=TCiskUCh290AX8S-6z8&_nc_ht=scontent-sea1-1.cdninstagram.com&oh=0e2f88f9419ff6e34ce495b57b0207d7&oe=607943B2
54		https://scontent.xx.fbcdn.net/v/t51.2885-15/84842665_644208922980918_6097964971673731943_n.jpg?_nc_cat=111&_nc_ohc=p5bnpsa27fkAX-ZyuDh&_nc_ht=scontent.xx&oh=16c93e6ad01e6ddda5cadf2bd2c998e6&oe=5E7AE707
50		https://scontent-sea1-1.cdninstagram.com/v/t51.29350-15/125428794_945518225975278_457113574606343811_n.jpg?_nc_cat=111&ccb=1-3&_nc_sid=8ae9d6&_nc_ohc=j4H37c78fK8AX-G6lyu&_nc_ht=scontent-sea1-1.cdninstagram.com&oh=15f7c5d54641a5b402374954e95d7e55&oe=6083F1B0
48	1	https://scontent-sea1-1.cdninstagram.com/v/t51.29350-15/137558607_225404435849815_3844512794127583004_n.jpg?_nc_cat=105&ccb=1-3&_nc_sid=8ae9d6&_nc_ohc=UKITWDl4DkIAX8WO66Y&_nc_ht=scontent-sea1-1.cdninstagram.com&oh=ff72dadc468df851d3728324cdb2643e&oe=60836D2B
34	14	https://scontent-sea1-1.cdninstagram.com/v/t51.29350-15/117987209_304246310660304_5944679055541337344_n.jpg?_nc_cat=102&ccb=1-3&_nc_sid=8ae9d6&_nc_ohc=pInCTSUf68kAX9vkTzD&_nc_ht=scontent-sea1-1.cdninstagram.com&oh=68784759accce422b7d9aa807c11c06f&oe=6078D0E3
48		https://scontent-sea1-1.cdninstagram.com/v/t51.2885-15/81813254_217544229417310_2752094418000060123_n.jpg?_nc_cat=102&_nc_sid=8ae9d6&_nc_ohc=n1MoqdAUMvgAX9zur8H&_nc_ht=scontent-sea1-1.cdninstagram.com&oh=df4eaa3b3cba1ad4b02568e9300d364c&oe=5EF1403F
48		https://scontent.xx.fbcdn.net/v/t51.2885-15/82841147_614749895754322_1229730275141335296_n.jpg?_nc_cat=108&_nc_ohc=dRwvI6jp2zMAX_zn6qp&_nc_ht=scontent.xx&oh=c5b1f90e25cb05219dd9fc59d59f9b14&oe=5E7B9280
38	1	https://scontent-sea1-1.cdninstagram.com/v/t51.2885-15/90090259_193479018612179_3164214017555922133_n.jpg?_nc_cat=101&ccb=2&_nc_sid=8ae9d6&_nc_ohc=lcXqrdLfxDwAX9kSNfM&_nc_ht=scontent-sea1-1.cdninstagram.com&oh=128d7cfa5ab42a156ca09994b0228ef6&oe=603E16E5
38		https://scontent-sea1-1.cdninstagram.com/v/t51.29350-15/120392747_369786597385834_907230816139482739_n.jpg?_nc_cat=105&ccb=1-3&_nc_sid=8ae9d6&_nc_ohc=86SMtYD6qvQAX-UkWYg&_nc_ht=scontent-sea1-1.cdninstagram.com&oh=e8969fb0d0054ee55063556acee63c8a&oe=608299A9
38		https://scontent-sea1-1.cdninstagram.com/v/t51.2885-15/90064805_193490498612109_5448443749305498070_n.jpg?_nc_cat=109&ccb=1-3&_nc_sid=8ae9d6&_nc_ohc=LIljZdTbhKkAX9YYo9g&_nc_ht=scontent-sea1-1.cdninstagram.com&oh=655aef5cbb98123f417ab30a461e5d37&oe=6078D4A1
37	1	https://scontent.xx.fbcdn.net/v/t51.2885-15/83524199_178497973378674_2252887098510110773_n.jpg?_nc_cat=107&_nc_ohc=R75mliy_zkMAX9ItjMq&_nc_ht=scontent.xx&oh=5fba55dd010f830e03d1bbd2ca4f57b8&oe=5EC891A7
35	3	https://scontent-sea1-1.cdninstagram.com/v/t51.29350-15/149505907_257730472550912_6482230376243939444_n.jpg?_nc_cat=104&ccb=1-3&_nc_sid=8ae9d6&_nc_ohc=AlFPm3OFqW0AX8fwYft&_nc_ht=scontent-sea1-1.cdninstagram.com&oh=18db2720c3e942bb52e53030542d1a94&oe=60829793
36	1	https://scontent-sea1-1.cdninstagram.com/v/t51.29350-15/119482367_161645365579185_4695243510837876296_n.jpg?_nc_cat=110&ccb=1-3&_nc_sid=8ae9d6&_nc_ohc=Xf892B5Qht8AX-h99SQ&_nc_ht=scontent-sea1-1.cdninstagram.com&oh=5c30778404551171983c53225c1df914&oe=60827ED4
34	2	https://scontent-sea1-1.cdninstagram.com/v/t51.29350-15/143789345_110129371066848_8717494618277101497_n.jpg?_nc_cat=107&ccb=1-3&_nc_sid=8ae9d6&_nc_ohc=E-2HL9l5368AX8T4Uh5&_nc_ht=scontent-sea1-1.cdninstagram.com&oh=72b0d44435c22db20b3959664a21ec56&oe=60804A11
34	2	https://scontent.xx.fbcdn.net/v/t51.2885-15/83111310_134714084678200_6434343202353319899_n.jpg?_nc_cat=109&_nc_ohc=XbV4_M2kcdUAX95wOBP&_nc_ht=scontent.xx&oh=03a0f86ed4a80e1a0bd409a43a8e3cc4&oe=5ED57D98
26	9	https://scontent-sea1-1.cdninstagram.com/v/t51.29350-15/118411994_3198645736868649_6387578836037440311_n.jpg?_nc_cat=109&ccb=1-3&_nc_sid=8ae9d6&_nc_ohc=iE3V1kR63S8AX8yKkuM&_nc_ht=scontent-sea1-1.cdninstagram.com&oh=edab67f4af2b7e4a4f4f7080f7a5f47e&oe=607A9DBB
35		https://scontent-sea1-1.cdninstagram.com/v/t51.29350-15/116594455_572257573652620_3870283245886477131_n.jpg?_nc_cat=109&ccb=1-3&_nc_sid=8ae9d6&_nc_ohc=kLTUFBPwKK4AX8otw7K&_nc_ht=scontent-sea1-1.cdninstagram.com&oh=36bf6e07cac7d9b275cfc4277f88c2bd&oe=6080D98D
35		https://scontent-sea1-1.cdninstagram.com/v/t51.2885-15/92333708_1519952321495923_6026577483904158254_n.jpg?_nc_cat=100&ccb=1-3&_nc_sid=8ae9d6&_nc_ohc=PxXqYkcQifkAX9a--Sp&_nc_ht=scontent-sea1-1.cdninstagram.com&oh=fd6bd8bad95c43ebfcbcace8275217b4&oe=6080BEBD
34		https://scontent-sea1-1.cdninstagram.com/v/t51.2885-15/90396312_1007010836359420_5146804972975589305_n.jpg?_nc_cat=104&_nc_sid=8ae9d6&_nc_ohc=dJRMphO9fwYAX-fg05-&_nc_ht=scontent-sea1-1.cdninstagram.com&oh=1edd5b1bf2ab74d2bd50147dabc4a071&oe=5EF2C5DA
34		https://scontent.xx.fbcdn.net/v/t51.2885-15/82232962_168546974391332_2532694249828416521_n.jpg?_nc_cat=104&_nc_ohc=VI9Hjp1fKbsAX_lQxHr&_nc_ht=scontent.xx&oh=41e0133198f50cb28e462633abed3a69&oe=5E73DB42
33		https://scontent-sea1-1.cdninstagram.com/v/t51.2885-15/89219903_214286153057286_8965355199993803002_n.jpg?_nc_cat=108&_nc_sid=8ae9d6&_nc_ohc=rE8cL3FDO7UAX8sqpGQ&_nc_ht=scontent-sea1-1.cdninstagram.com&oh=9a3400b8cb3b68eb21ddaeccee3b6265&oe=5EF42249
29	3	https://scontent-sea1-1.cdninstagram.com/v/t51.29350-15/150763124_268109318274780_3073274401521230681_n.jpg?_nc_cat=101&ccb=1-3&_nc_sid=8ae9d6&_nc_ohc=GnbVaP403_EAX-qH1Yv&_nc_ht=scontent-sea1-1.cdninstagram.com&oh=eb1123c04d19c6cc95dcb45835eb804c&oe=6080E622
32		https://scontent.xx.fbcdn.net/v/t51.2885-15/83907719_1536439756512738_4069138240168528910_n.jpg?_nc_cat=111&_nc_ohc=LK983kMKw6gAX-ZtXWH&_nc_ht=scontent.xx&oh=8dc4ccb700dcedbb88e8c307fba4400b&oe=5EC6A838
32		https://scontent.xx.fbcdn.net/v/t51.2885-15/82527980_186653366047124_3838354524054950309_n.jpg?_nc_cat=109&_nc_ohc=1JqCMCe6smMAX_MTSz1&_nc_ht=scontent.xx&oh=bfcd47da6241c944db0a2916bd6c9248&oe=5ECA225F
31		https://scontent-sea1-1.cdninstagram.com/v/t51.2885-15/89262337_234702037702558_5336288990432187938_n.jpg?_nc_cat=104&ccb=1-3&_nc_sid=8ae9d6&_nc_ohc=Kn-A1Ut0OmAAX_qdzZ6&_nc_ht=scontent-sea1-1.cdninstagram.com&oh=d233f7150bc6c6124af360bcb7dc4c8a&oe=607901EF
30		https://scontent-lax3-1.cdninstagram.com/v/t51.2885-15/81237430_607316329853663_6119721818249429043_n.jpg?_nc_cat=101&ccb=2&_nc_sid=8ae9d6&_nc_ohc=BPeDyRXPOpUAX9yokdN&_nc_ht=scontent-lax3-1.cdninstagram.com&oh=06de74ffa64b9060f3ef7649c181e2d2&oe=60067A22
29		https://scontent.xx.fbcdn.net/v/t51.2885-15/82103506_1312215482299472_6346283633217411099_n.jpg?_nc_cat=102&_nc_ohc=Vh0TkA_Qd1MAX-PvKQF&_nc_ht=scontent.xx&oh=984646492f4d8a6a55fee187b8c13d4b&oe=5ED9C32F
25		https://scontent-sea1-1.cdninstagram.com/v/t51.2885-15/83524190_565621444166162_4816221040950825330_n.jpg?_nc_cat=109&_nc_sid=8ae9d6&_nc_ohc=as0uyQEk2IoAX9ReDnp&_nc_ht=scontent-sea1-1.cdninstagram.com&oh=011f57952b086672144c1e32e786a241&oe=5EF23119
23		https://scontent-sea1-1.cdninstagram.com/v/t51.29350-15/118264022_920115348500230_3506148623627245561_n.jpg?_nc_cat=110&ccb=1-3&_nc_sid=8ae9d6&_nc_ohc=mrNykxZx5WQAX9tN5fx&_nc_oc=AQlFPRSFJ1z8HWp3RdcLmR5Jo99RvS4WIwbELoBFsV1xbca1-MWb1Iv93GxxLmBxSX8&_nc_ht=scontent-sea1-1.cdninstagram.com&oh=0f50e507ad6929f110fd3bdbce8d2fbc&oe=6079F0DB
22	1	https://scontent-sea1-1.cdninstagram.com/v/t51.29350-15/151985315_135867828404137_8691940664770378975_n.jpg?_nc_cat=109&ccb=1-3&_nc_sid=8ae9d6&_nc_ohc=6C_qUn5rtYcAX8r8CLO&_nc_ht=scontent-sea1-1.cdninstagram.com&oh=231c40075c1a1daf6cc027e1aaed2093&oe=607A2303
22		https://scontent-sea1-1.cdninstagram.com/v/t51.2885-15/96024705_984727088636737_763638535483767140_n.jpg?_nc_cat=109&ccb=1-3&_nc_sid=8ae9d6&_nc_ohc=jbEHENow4jQAX86l2p0&_nc_ht=scontent-sea1-1.cdninstagram.com&oh=691b3d06e95c68c801292bb16f66b2a1&oe=608140F6
20		https://scontent-sea1-1.cdninstagram.com/v/t51.29350-15/117231122_2602514659991500_6036363642893194579_n.jpg?_nc_cat=107&ccb=1-3&_nc_sid=8ae9d6&_nc_ohc=Iu4IJ99QQw4AX-2CxqR&_nc_ht=scontent-sea1-1.cdninstagram.com&oh=3c5db94fee752fff0b8b1e6ec6000dd4&oe=60787589
20		https://scontent-sea1-1.cdninstagram.com/v/t51.29350-15/117183642_575339296477329_3014289399709426391_n.jpg?_nc_cat=109&ccb=1-3&_nc_sid=8ae9d6&_nc_ohc=rVWxBPIbtycAX8q55Nb&_nc_ht=scontent-sea1-1.cdninstagram.com&oh=9b2f2128927676c69e4d9a9e515e1c10&oe=6077E581
20		https://scontent-sea1-1.cdninstagram.com/v/t51.2885-15/89680971_196419955012776_904516692820355269_n.jpg?_nc_cat=105&ccb=1-3&_nc_sid=8ae9d6&_nc_ohc=tgY-j4y-1Y0AX88vr1J&_nc_ht=scontent-sea1-1.cdninstagram.com&oh=0298a308ef71d3b41fad02d93110b6c5&oe=6077BA05
18	2	https://scontent-sea1-1.cdninstagram.com/v/t51.2885-15/91201450_143192863793451_1398097335325874984_n.jpg?_nc_cat=102&ccb=1-3&_nc_sid=8ae9d6&_nc_ohc=sZhuWRyoHucAX9_Jur8&_nc_ht=scontent-sea1-1.cdninstagram.com&oh=ce60d03aa4fb7cbd90c1eb0a68e1a0ac&oe=60825B40
20		https://scontent-sea1-1.cdninstagram.com/v/t51.29350-15/149058328_331362221549553_4052667509156109815_n.jpg?_nc_cat=105&ccb=1-3&_nc_sid=8ae9d6&_nc_ohc=DXjj3k4I2GUAX9MOh5b&_nc_ht=scontent-sea1-1.cdninstagram.com&oh=8cb411faa7ef9c963452427e0f0668a1&oe=608383C5
19		https://scontent-sea1-1.cdninstagram.com/v/t51.29350-15/116913403_321955698991055_1869013238850168987_n.jpg?_nc_cat=107&ccb=1-3&_nc_sid=8ae9d6&_nc_ohc=jzefAuBTW4oAX_JubrQ&_nc_ht=scontent-sea1-1.cdninstagram.com&oh=f9bddc20d089068cdfc31d45c765233b&oe=607A00B5
19		https://scontent-sea1-1.cdninstagram.com/v/t51.2885-15/91007159_2007107372752855_4499949467850859284_n.jpg?_nc_cat=105&ccb=2&_nc_sid=8ae9d6&_nc_ohc=QE4syR6wlG4AX-3fjGS&_nc_ht=scontent-sea1-1.cdninstagram.com&oh=3ab264b140522fc14617159adddbf1aa&oe=603ECB73
18		https://scontent-sea1-1.cdninstagram.com/v/t51.29350-15/117758050_952568898541193_6448733366180417945_n.jpg?_nc_cat=107&ccb=1-3&_nc_sid=8ae9d6&_nc_ohc=QRtgNSxxDk0AX8dFfqI&_nc_ht=scontent-sea1-1.cdninstagram.com&oh=cdd8a97842d7972bedd342a6d64964b7&oe=6083A6C7
18		https://scontent-sea1-1.cdninstagram.com/v/t51.2885-15/87672038_548033525848717_3533468900757428397_n.jpg?_nc_cat=104&ccb=2&_nc_sid=8ae9d6&_nc_ohc=XkLYK46NTiYAX-LS658&_nc_ht=scontent-sea1-1.cdninstagram.com&oh=f6d6e681878729466a91d7646ea90d94&oe=603B8FCA
18		https://scontent-sea1-1.cdninstagram.com/v/t51.2885-15/95396365_1440678402778960_6803135460224313849_n.jpg?_nc_cat=108&ccb=1-3&_nc_sid=8ae9d6&_nc_ohc=Y5oysf6-ufYAX_aJcT3&_nc_ht=scontent-sea1-1.cdninstagram.com&oh=6becd567b0f49ff93943898442aec834&oe=6081B0D4
16		https://scontent-sea1-1.cdninstagram.com/v/t51.29350-15/117043789_126511212138881_500469895400637935_n.jpg?_nc_cat=105&ccb=1-3&_nc_sid=8ae9d6&_nc_ohc=BBzlAuzDX38AX_zNPZ2&_nc_oc=AQm6zRF1u7QhpmFXLOjqurgB74eXwmGLwgDjW6FLORmi3l8H6e21MePk6ilOPhSKJbA&_nc_ht=scontent-sea1-1.cdninstagram.com&oh=d49663289da7eb4547dcefe036779153&oe=6079C999
15		https://scontent-sea1-1.cdninstagram.com/v/t51.29350-15/117237240_3516330695067777_5408529139594221847_n.jpg?_nc_cat=106&ccb=1-3&_nc_sid=8ae9d6&_nc_ohc=4DKABlgeDPMAX8E4P4b&_nc_ht=scontent-sea1-1.cdninstagram.com&oh=211d9c4da9da75335aacfa3f8dfc93ac&oe=6078B0D2
15		https://scontent-sea1-1.cdninstagram.com/v/t51.2885-15/94179605_242839820417690_4403866206360819634_n.jpg?_nc_cat=105&ccb=1-3&_nc_sid=8ae9d6&_nc_ohc=vcPRybQFaicAX-7wFUh&_nc_ht=scontent-sea1-1.cdninstagram.com&oh=9aa0e27e4a4713b4e7c75a8449c8a90f&oe=60837678
14		https://scontent-sea1-1.cdninstagram.com/v/t51.29350-15/123128662_149581673517558_7238336444581778989_n.jpg?_nc_cat=102&ccb=1-3&_nc_sid=8ae9d6&_nc_ohc=Nw4tfGUwtbsAX9L6AZy&_nc_ht=scontent-sea1-1.cdninstagram.com&oh=3de152cad893a7d931b02db2cec1fbd6&oe=60839262
14		https://scontent-sea1-1.cdninstagram.com/v/t51.2885-15/93501852_290708425459641_1489003978387800222_n.jpg?_nc_cat=100&ccb=1-3&_nc_sid=8ae9d6&_nc_ohc=ew8DBw_Lr2oAX-2kFVd&_nc_ht=scontent-sea1-1.cdninstagram.com&oh=c1759b052e812b0b0ad96d25230fda29&oe=608274B3
12		https://scontent-sea1-1.cdninstagram.com/v/t51.2885-15/93394225_270317453984767_1623490048342489609_n.jpg?_nc_cat=101&ccb=1-3&_nc_sid=8ae9d6&_nc_ohc=DEXxEBYsKb8AX_D9k07&_nc_ht=scontent-sea1-1.cdninstagram.com&oh=15d07cf4cc5ba26a268faab35d10d4d4&oe=6081D943
11		https://scontent-sea1-1.cdninstagram.com/v/t51.29350-15/117310507_1498319067022382_738143981896805578_n.jpg?_nc_cat=109&ccb=1-3&_nc_sid=8ae9d6&_nc_ohc=egBSfVQJ9zwAX8KaBmh&_nc_ht=scontent-sea1-1.cdninstagram.com&oh=b59f32d4c291ebf47ef48dbd4af9c8d7&oe=6077AA1B
11		https://scontent-sjc3-1.cdninstagram.com/v/t51.2885-15/87582008_1523123661194149_7844121382752960047_n.jpg?_nc_cat=102&_nc_sid=8ae9d6&_nc_ohc=HvbkX33UobcAX_XCNu6&_nc_ht=scontent-sjc3-1.cdninstagram.com&oh=356990bbae8c5fc22fa4d5bf856afce3&oe=5F5E1C3A
10		https://scontent-sea1-1.cdninstagram.com/v/t51.2885-15/84968323_191004562148408_1987825884460485325_n.jpg?_nc_cat=111&ccb=2&_nc_sid=8ae9d6&_nc_ohc=DIGuV8qomFUAX_zfQ5h&_nc_ht=scontent-sea1-1.cdninstagram.com&oh=4a13c951f86aa197b5dbcb6535cb30a9&oe=603D1A3E
8	1	https://scontent-sea1-1.cdninstagram.com/v/t51.2885-15/90861772_147609126726893_3505161063637752434_n.jpg?_nc_cat=104&ccb=1-3&_nc_sid=8ae9d6&_nc_ohc=xyANmYdF1z4AX9fvYZR&_nc_ht=scontent-sea1-1.cdninstagram.com&oh=437a513a8c99fe3d7a100934d93238cd&oe=6081E939
5		https://scontent-sea1-1.cdninstagram.com/v/t51.29350-15/127635515_297856884801721_178399007916267055_n.jpg?_nc_cat=103&ccb=1-3&_nc_sid=8ae9d6&_nc_ohc=GDr2jB3SgjkAX-dNS07&_nc_ht=scontent-sea1-1.cdninstagram.com&oh=e6a5fec75391dc05ea8c88c3274a1701&oe=60795F62
